"corridor_id","origin_id","origin_name","destination_id","destination_name","destination_commune_old","destination_coordinate_status","destination_verification_status","straight_distance_km","road_distance_km","detour_ratio","road_time_base_min","uav_mission_time_base_min","time_saved_base_min","time_saved_base_pct","time_saved_base_pct_percent_display","radius_utilisation_pct","radius_screen_flag","destination_access_gap_score","uav_assumption","corridor_evidence_type","published_sandbox_match_note","evidence_source_url","aerial_route_factor","candidate_aerial_distance_km","uav_speed_conservative_kmh","uav_speed_base_kmh","uav_speed_upper_reference_kmh","fixed_mission_time_min","uav_mission_time_conservative_min","uav_mission_time_upper_reference_min","time_saved_conservative_min","time_saved_upper_min","time_saved_conservative_pct","time_saved_upper_pct","road_time_model_source","road_time_base_min_uploaded_v2","road_time_base_min_delta_vs_uploaded_v2","population_potentially_served_worldpop_2020_reference","population_potentially_served_worldpop_2023_proportional","population_source_for_scoring","population_allocation_assumption","destination_access_gap_score_type","medical_accessibility_need_score","uav_benefit_score","need_formula","benefit_formula","double_counting_resolution","need_benefit_quadrant","promising_flag_pre_feasibility","distance_feasibility_score","payload_feasibility_score","terrain_feasibility_score_study_area","weather_feasibility_score_climatology","flight_feasibility_score","terrain_constraint_score_study_area","weather_risk_score_climatology","monsoon_weather_risk_score","distance_exposure_risk_score","operational_risk_score","feasibility_method_note","uav_spec_status","priority_score_baseline","priority_score_equity_first","priority_score_efficiency_first","priority_score_safety_first","final_classification_baseline","rank_baseline","origin_lat","origin_lon","destination_lat","destination_lon","corridor_buffer_m","corridor_buffer_slope_cell_count","mean_slope_deg","median_slope_deg","p90_slope_deg","max_slope_deg","share_slope_gt_30","share_slope_gt_35","terrain_feasibility_score_corridor","terrain_mean_slope_component","terrain_p90_slope_component","terrain_max_slope_component","terrain_share_gt30_component","terrain_share_gt35_component","flight_feasibility_score_old","flight_feasibility_score_terrain_v2","flight_feasibility_delta","terrain_feasibility_delta_vs_study_area","old_feasibility_rank","new_feasibility_rank","feasibility_rank_change","rank_equity_first","rank_efficiency_first","rank_safety_first","top3_scenario_count","robustness_label","rank_mean","rank_std_dev"
"HF001_HF004","HF001","Trung tâm Y tế Mường Ảng","HF004","Trạm Y tế xã Ngối Cáy","Ngối Cáy","present","within_study_area_bounds_unverified_source","7.04","17.711","2.516","53.2","14.3","38.9","0.7313","73.1","51.6","WITHIN_REFERENCE_RADIUS","0.9479","Aligned to v2: 40/50/60 km/h scenarios, 1.1 aerial route factor, 5 min fixed mission time","PUBLISHED_SANDBOX_MEDICAL_CORRIDOR","Published sandbox medical corridor; current post-2025 area: Nà Tấu","https://www.vietnam.vn/ap-dung-sandbox-phat-trien-kinh-te-khong-gian-tam-thap","1.1","7.744","40","50","60","5","16.6","12.7","36.6","40.5","0.6877","0.7605","integrated_v3_osm_rerun_with_uploaded_facility_coordinates","30.84579403558844","22.4","2708.44","2591.24","WorldPop 2023 total allocated by 2020 commune proportions","Proportional allocation; replace when WorldPop 2023 is summarized by commune polygon","operational_access_gap_no_population","0.5822","1.0","0.60*AccessGapOperationalNorm(no population) + 0.40*Population2023ProportionalNorm","0.50*TimeSavedPctNorm + 0.30*TimeSavedMinNorm + 0.20*DetourRatioNorm","Population removed from AccessGap used inside Need; 2023 proportional population is counted once as standalone Need input","High Need / High Benefit","True","1.0","1.0","0.2738","0.8108","0.9103","0.7262","0.1892","0.3014","0.5163","0.4548","MVP corridor screen; terrain/weather are study-area level, not route-specific","SCENARIO_ASSUMPTION_NOT_OBSERVED_SANDBOX_SPEC","0.7859","0.7277","0.8321","0.7594","LAUNCH","1","21.5197","103.2174","21.5829","103.2144","500.0","8336","21.3319","22.2788","32.7841","59.4668","0.169","0.0648","0.6936","0.6834056735962706","0.6886347961425782","0.5177721659342448","0.7182901471529112","0.8149163696188649","0.8264","0.9103","0.0839","0.4198","1","5","-4","2","1","1","4","ROBUST_TOP3","1.25","0.43"
"HF001_HF010","HF001","Trung tâm Y tế Mường Ảng","HF010","Trạm Y tế xã Búng Lao","Búng Lao","present","within_study_area_bounds_unverified_source","13.642","22.292","1.634","61.9","23.0","38.9","0.6283","62.8","100.0","NEAR_REFERENCE_RADIUS_LIMIT","0.9834","Aligned to v2: 40/50/60 km/h scenarios, 1.1 aerial route factor, 5 min fixed mission time","SKYBRIDGE_EXPANSION_CANDIDATE","Not named in published sandbox medical-corridor list; treated as SkyBridge expansion candidate","https://www.vietnam.vn/ap-dung-sandbox-phat-trien-kinh-te-khong-gian-tam-thap","1.1","15.006","40","50","60","5","27.5","20.0","34.4","41.9","0.5556","0.6768","integrated_v3_osm_rerun_with_uploaded_facility_coordinates","26.914442945352192","35.0","8732.65","8354.76","WorldPop 2023 total allocated by 2020 commune proportions","Proportional allocation; replace when WorldPop 2023 is summarized by commune polygon","operational_access_gap_no_population","0.9141","0.7571","0.60*AccessGapOperationalNorm(no population) + 0.40*Population2023ProportionalNorm","0.50*TimeSavedPctNorm + 0.30*TimeSavedMinNorm + 0.20*DetourRatioNorm","Population removed from AccessGap used inside Need; 2023 proportional population is counted once as standalone Need input","High Need / High Benefit","True","0.2846","1.0","0.2738","0.8108","0.6236","0.7262","0.1892","0.3014","1.0","0.6241","MVP corridor screen; terrain/weather are study-area level, not route-specific","SCENARIO_ASSUMPTION_NOT_OBSERVED_SANDBOX_SPEC","0.7406","0.7708","0.7315","0.6677","CONDITIONAL PILOT","2","21.5197","103.2174","21.5184","103.3493","500.0","16214","15.5001","16.2656","29.3877","54.5004","0.0873","0.0213","0.8697","0.974995126533209","0.8244926452636717","0.6833216349283854","0.8545495662184943","0.9392059771978362","0.5044","0.6236","0.1192","0.5959","8","8","0","1","3","3","4","ROBUST_TOP3","2.25","0.83"
"HF001_HF003","HF001","Trung tâm Y tế Mường Ảng","HF003","Trạm Y tế xã Mường Đăng","Mường Đăng","present","within_study_area_bounds_unverified_source","5.919","12.503","2.112","42.9","12.8","30.1","0.7013","70.1","43.4","WITHIN_REFERENCE_RADIUS","0.8666","Aligned to v2: 40/50/60 km/h scenarios, 1.1 aerial route factor, 5 min fixed mission time","PUBLISHED_SANDBOX_MEDICAL_CORRIDOR","Published sandbox medical corridor; current post-2025 area: Nà Tấu","https://www.vietnam.vn/ap-dung-sandbox-phat-trien-kinh-te-khong-gian-tam-thap","1.1","6.511","40","50","60","5","14.8","11.5","28.1","31.4","0.6558","0.7317","integrated_v3_osm_rerun_with_uploaded_facility_coordinates","21.87800688311211","21.0","4017.71","3843.85","WorldPop 2023 total allocated by 2020 commune proportions","Proportional allocation; replace when WorldPop 2023 is summarized by commune polygon","operational_access_gap_no_population","0.5743","0.8332","0.60*AccessGapOperationalNorm(no population) + 0.40*Population2023ProportionalNorm","0.50*TimeSavedPctNorm + 0.30*TimeSavedMinNorm + 0.20*DetourRatioNorm","Population removed from AccessGap used inside Need; 2023 proportional population is counted once as standalone Need input","High Need / High Benefit","True","1.0","1.0","0.2738","0.8108","0.9062","0.7262","0.1892","0.3014","0.4341","0.426","MVP corridor screen; terrain/weather are study-area level, not route-specific","SCENARIO_ASSUMPTION_NOT_OBSERVED_SANDBOX_SPEC","0.7349","0.6924","0.7572","0.7219","CONDITIONAL PILOT","3","21.5197","103.2174","21.5614","103.1819","500.0","7120","20.3444","22.2385","34.1734","58.3678","0.2091","0.0817","0.6729","0.7327824288390034","0.6330640716552733","0.5544052124023438","0.6514513108614233","0.7664526484751203","0.8264","0.9062","0.0798","0.3991","1","6","-5","3","2","2","4","ROBUST_TOP3","2.5","0.5"
"HF001_HF009","HF001","Trung tâm Y tế Mường Ảng","HF009","Trạm Y tế xã Mường Lạn","Mường Lạn","present","within_study_area_bounds_unverified_source","11.769","23.728","2.016","58.0","20.5","37.5","0.6459","64.6","86.3","WITHIN_REFERENCE_RADIUS","0.8601","Aligned to v2: 40/50/60 km/h scenarios, 1.1 aerial route factor, 5 min fixed mission time","SKYBRIDGE_EXPANSION_CANDIDATE","Not named in published sandbox medical-corridor list; treated as SkyBridge expansion candidate","https://www.vietnam.vn/ap-dung-sandbox-phat-trien-kinh-te-khong-gian-tam-thap","1.1","12.946","40","50","60","5","24.4","17.9","33.6","40.1","0.579","0.6906","integrated_v3_osm_rerun_with_uploaded_facility_coordinates","43.67065128870541","14.3","3455.29","3305.77","WorldPop 2023 total allocated by 2020 commune proportions","Proportional allocation; replace when WorldPop 2023 is summarized by commune polygon","operational_access_gap_no_population","0.5404","0.8239","0.60*AccessGapOperationalNorm(no population) + 0.40*Population2023ProportionalNorm","0.50*TimeSavedPctNorm + 0.30*TimeSavedMinNorm + 0.20*DetourRatioNorm","Population removed from AccessGap used inside Need; 2023 proportional population is counted once as standalone Need input","Low Need / High Benefit","False","0.677","1.0","0.2738","0.8108","0.7641","0.7262","0.1892","0.3014","0.8631","0.5761","MVP corridor screen; terrain/weather are study-area level, not route-specific","SCENARIO_ASSUMPTION_NOT_OBSERVED_SANDBOX_SPEC","0.6697","0.6302","0.7011","0.6381","CONDITIONAL PILOT","4","21.5197","103.2174","21.4447","103.2977","500.0","14108","19.011","20.8634","34.1173","58.845","0.2088","0.0813","0.689","0.7994506362416874","0.6353077087402343","0.5385000864664714","0.6519705131840091","0.76771031633521","0.681","0.7641","0.0831","0.4152","7","7","0","6","4","4","0","LOW","4.5","0.87"
"HF001_HF008","HF001","Trung tâm Y tế Mường Ảng","HF008","Trạm Y tế xã Xuân Lao","Xuân Lao","present","within_study_area_bounds_unverified_source","14.318","22.563","1.576","52.5","23.9","28.6","0.5448","54.5","105.0","NEAR_REFERENCE_RADIUS_LIMIT","0.9934","Aligned to v2: 40/50/60 km/h scenarios, 1.1 aerial route factor, 5 min fixed mission time","SKYBRIDGE_EXPANSION_CANDIDATE","Not named in published sandbox medical-corridor list; treated as SkyBridge expansion candidate","https://www.vietnam.vn/ap-dung-sandbox-phat-trien-kinh-te-khong-gian-tam-thap","1.1","15.75","40","50","60","5","28.6","20.7","23.9","31.8","0.4548","0.6048","integrated_v3_osm_rerun_with_uploaded_facility_coordinates","38.34307473680517","14.2","5661.66","5416.66","WorldPop 2023 total allocated by 2020 commune proportions","Proportional allocation; replace when WorldPop 2023 is summarized by commune polygon","operational_access_gap_no_population","0.7701","0.5801","0.60*AccessGapOperationalNorm(no population) + 0.40*Population2023ProportionalNorm","0.50*TimeSavedPctNorm + 0.30*TimeSavedMinNorm + 0.20*DetourRatioNorm","Population removed from AccessGap used inside Need; 2023 proportional population is counted once as standalone Need input","High Need / High Benefit","True","0.1429","1.0","0.2738","0.8108","0.5516","0.7262","0.1892","0.3014","1.0","0.6241","MVP corridor screen; terrain/weather are study-area level, not route-specific","SCENARIO_ASSUMPTION_NOT_OBSERVED_SANDBOX_SPEC","0.6191","0.649","0.6015","0.5694","CONDITIONAL PILOT","5","21.5197","103.2174","21.4644","103.3424","500.0","17161","17.0816","18.168","30.3615","53.996","0.1095","0.0307","0.8284","0.895917830593258","0.7855387878417969","0.7001317342122396","0.8175125769671542","0.9122595253356864","0.4407","0.5516","0.1109","0.5546","9","9","0","4","5","8","0","LOW","5.5","1.5"
"HF001_HF007","HF001","Trung tâm Y tế Mường Ảng","HF007","Trạm Y tế xã Nặm Lịch","Nặm Lịch","present","within_study_area_bounds_unverified_source","7.383","13.09","1.773","33.7","14.7","19.0","0.5624","56.2","54.1","WITHIN_REFERENCE_RADIUS","0.7508","Aligned to v2: 40/50/60 km/h scenarios, 1.1 aerial route factor, 5 min fixed mission time","SKYBRIDGE_EXPANSION_CANDIDATE","Not named in published sandbox medical-corridor list; treated as SkyBridge expansion candidate","https://www.vietnam.vn/ap-dung-sandbox-phat-trien-kinh-te-khong-gian-tam-thap","1.1","8.121","40","50","60","5","17.2","13.1","16.5","20.6","0.4901","0.6106","integrated_v3_osm_rerun_with_uploaded_facility_coordinates","23.30783885025087","10.4","2244.71","2147.57","WorldPop 2023 total allocated by 2020 commune proportions","Proportional allocation; replace when WorldPop 2023 is summarized by commune polygon","operational_access_gap_no_population","0.3819","0.5499","0.60*AccessGapOperationalNorm(no population) + 0.40*Population2023ProportionalNorm","0.50*TimeSavedPctNorm + 0.30*TimeSavedMinNorm + 0.20*DetourRatioNorm","Population removed from AccessGap used inside Need; 2023 proportional population is counted once as standalone Need input","Low Need / Low Benefit","False","1.0","1.0","0.2738","0.8108","0.9211","0.7262","0.1892","0.3014","0.5414","0.4636","MVP corridor screen; terrain/weather are study-area level, not route-specific","SCENARIO_ASSUMPTION_NOT_OBSERVED_SANDBOX_SPEC","0.5826","0.5388","0.5808","0.5973","PHASE 2","6","21.5197","103.2174","21.4778","103.2728","500.0","8880","16.3804","15.8906","34.1988","51.094","0.1997","0.085","0.7473","0.9309801666216236","0.6320462951660155","0.7968677520751953","0.6672297297297297","0.7570785070785071","0.8264","0.9211","0.0947","0.4735","1","4","-3","8","6","6","0","LOW","6.5","0.87"
"HF001_HF005","HF001","Trung tâm Y tế Mường Ảng","HF005","Trạm Y tế xã Ẳng Cang","Ẳng Cang","present","within_study_area_bounds_unverified_source","2.726","3.634","1.333","11.4","8.6","2.8","0.2458","24.6","20.0","WITHIN_REFERENCE_RADIUS","0.6985","Aligned to v2: 40/50/60 km/h scenarios, 1.1 aerial route factor, 5 min fixed mission time","SKYBRIDGE_EXPANSION_CANDIDATE","Not named in published sandbox medical-corridor list; treated as SkyBridge expansion candidate","https://www.vietnam.vn/ap-dung-sandbox-phat-trien-kinh-te-khong-gian-tam-thap","1.1","2.999","40","50","60","5","9.5","8.0","1.9","3.4","0.1669","0.2984","integrated_v3_osm_rerun_with_uploaded_facility_coordinates","7.670643749013887","3.7","10278.15","9833.38","WorldPop 2023 total allocated by 2020 commune proportions","Proportional allocation; replace when WorldPop 2023 is summarized by commune polygon","operational_access_gap_no_population","0.7349","0.0321","0.60*AccessGapOperationalNorm(no population) + 0.40*Population2023ProportionalNorm","0.50*TimeSavedPctNorm + 0.30*TimeSavedMinNorm + 0.20*DetourRatioNorm","Population removed from AccessGap used inside Need; 2023 proportional population is counted once as standalone Need input","High Need / Low Benefit","False","1.0","1.0","0.2738","0.8108","0.9716","0.7262","0.1892","0.3014","0.1999","0.344","MVP corridor screen; terrain/weather are study-area level, not route-specific","SCENARIO_ASSUMPTION_NOT_OBSERVED_SANDBOX_SPEC","0.5753","0.6338","0.4581","0.5986","PHASE 2","7","21.5197","103.2174","21.5052","103.2387","500.0","3306","3.0386","1.6648","7.626","25.4382","0.0","0.0","1.0","1.0","1.0","1.0","1.0","1.0","0.8264","0.9716","0.1452","0.7262","1","1","0","5","7","5","0","LOW","6","1"
"HF001_HF002","HF001","Trung tâm Y tế Mường Ảng","HF002","Trạm Y tế xã Ẳng Tở","Ẳng Tở","present","within_study_area_bounds_unverified_source","2.89","3.649","1.263","13.5","8.8","4.7","0.3471","34.7","21.2","WITHIN_REFERENCE_RADIUS","0.6862","Aligned to v2: 40/50/60 km/h scenarios, 1.1 aerial route factor, 5 min fixed mission time","PUBLISHED_SANDBOX_MEDICAL_CORRIDOR","Published sandbox medical corridor; current post-2025 area: Búng Lao","https://www.vietnam.vn/ap-dung-sandbox-phat-trien-kinh-te-khong-gian-tam-thap","1.1","3.179","40","50","60","5","9.8","8.2","3.7","5.3","0.2764","0.3941","integrated_v3_osm_rerun_with_uploaded_facility_coordinates","4.565788603753588","8.9","6872.87","6575.46","WorldPop 2023 total allocated by 2020 commune proportions","Proportional allocation; replace when WorldPop 2023 is summarized by commune polygon","operational_access_gap_no_population","0.5543","0.1371","0.60*AccessGapOperationalNorm(no population) + 0.40*Population2023ProportionalNorm","0.50*TimeSavedPctNorm + 0.30*TimeSavedMinNorm + 0.20*DetourRatioNorm","Population removed from AccessGap used inside Need; 2023 proportional population is counted once as standalone Need input","Low Need / Low Benefit","False","1.0","1.0","0.2738","0.8108","0.9505","0.7262","0.1892","0.3014","0.2119","0.3482","MVP corridor screen; terrain/weather are study-area level, not route-specific","SCENARIO_ASSUMPTION_NOT_OBSERVED_SANDBOX_SPEC","0.5379","0.5599","0.4556","0.5734","PHASE 2","8","21.5197","103.2174","21.5303","103.2429","500.0","3499","13.2269","10.6462","29.1141","49.282","0.0835","0.0306","0.8942","1.0","0.8354363708496091","0.8572662353515625","0.8609126417071544","0.912628097823868","0.8264","0.9505","0.1241","0.6204","1","3","-2","7","8","7","0","LOW","7.5","0.5"
"HF001_HF006","HF001","Trung tâm Y tế Mường Ảng","HF006","Trạm Y tế xã Ẳng Nưa","Ẳng Nưa","fallback_centroid","fallback_requires_manual_verification","2.535","3.229","1.274","10.8","8.3","2.5","0.2272","22.7","18.6","WITHIN_REFERENCE_RADIUS","0.326","Aligned to v2: 40/50/60 km/h scenarios, 1.1 aerial route factor, 5 min fixed mission time","SKYBRIDGE_EXPANSION_CANDIDATE","Not named in published sandbox medical-corridor list; treated as SkyBridge expansion candidate","https://www.vietnam.vn/ap-dung-sandbox-phat-trien-kinh-te-khong-gian-tam-thap","1.1","2.789","40","50","60","5","9.2","7.8","1.6","3.0","0.1497","0.2788","integrated_v3_osm_rerun_with_uploaded_facility_coordinates","","","4441.1","4248.92","WorldPop 2023 total allocated by 2020 commune proportions","Proportional allocation; replace when WorldPop 2023 is summarized by commune polygon","operational_access_gap_no_population","0.1094","0.0018","0.60*AccessGapOperationalNorm(no population) + 0.40*Population2023ProportionalNorm","0.50*TimeSavedPctNorm + 0.30*TimeSavedMinNorm + 0.20*DetourRatioNorm","Population removed from AccessGap used inside Need; 2023 proportional population is counted once as standalone Need input","Low Need / Low Benefit","False","1.0","1.0","0.2738","0.8108","0.9716","0.7262","0.1892","0.3014","0.1859","0.3391","MVP corridor screen; terrain/weather are study-area level, not route-specific","SCENARIO_ASSUMPTION_NOT_OBSERVED_SANDBOX_SPEC","0.3478","0.3155","0.2886","0.4359","HOLD","9","21.5197","103.2174","21.5148","103.1935","500.0","3060","3.8252","2.7588","8.0116","24.1697","0.0","0.0","1.0","1.0","1.0","1.0","1.0","1.0","0.8264","0.9716","0.1452","0.7262","1","1","0","9","9","9","0","LOW","9","0"
